{
	"cannonballhit": {
		"category" : "player",
		"sounds" : [ "flansmod:cannonballhit" ]
	},

	"caroleancannonshoot": {
		"category" : "player",
		"sounds" : [ "flansmod:caroleancannonshoot" ]
	},

	"caroleanmusketreload": {
		"category" : "player",
		"sounds" : [ "flansmod:caroleanmusketreload" ]
	},

	"caroleanmusketshoot": {
		"category" : "player",
		"sounds" : [ "flansmod:caroleanmusketshoot" ]
	},

	"gripenburner": {
		"category" : "player",
		"sounds" : [ "flansmod:gripenburner" ]
	},

	"gripenengine": {
		"category" : "player",
		"sounds" : [ "flansmod:gripenengine" ]
	}
}